{"cameraMode":{"drawMode":0,"name":"Shaded","section":"Shading Mode"},"sceneLighting":false,"audioPlay":false,"sceneViewState":{"m_AlwaysRefresh":false,"showFog":true,"showSkybox":false,"showFlares":true,"showImageEffects":true,"showParticleSystems":true,"showVisualEffectGraphs":true,"m_FxEnabled":true},"in2DMode":false,"pivot":{"x":-0.0013159029185771943,"y":0.054327670484781268,"z":0.10094690322875977},"rotation":{"x":-0.04143298789858818,"y":0.5037686824798584,"z":-0.024199344217777253,"w":-0.8625422716140747},"size":0.6138081550598145,"orthographic":false}