{"cameraMode":{"drawMode":0,"name":"Shaded","section":"Shading Mode"},"sceneLighting":false,"audioPlay":false,"sceneViewState":{"m_AlwaysRefresh":false,"showFog":true,"showSkybox":false,"showFlares":true,"showImageEffects":true,"showParticleSystems":true,"showVisualEffectGraphs":true,"m_FxEnabled":true},"in2DMode":false,"pivot":{"x":0.17560464143753053,"y":-0.06062838435173035,"z":0.15464943647384644},"rotation":{"x":0.039255134761333469,"y":0.9603573083877564,"z":-0.18071529269218446,"w":0.20860980451107026},"size":0.37756869196891787,"orthographic":false}