{"cameraMode":{"drawMode":0,"name":"Shaded","section":"Shading Mode"},"sceneLighting":false,"audioPlay":false,"sceneViewState":{"m_AlwaysRefresh":false,"showFog":false,"showSkybox":false,"showFlares":false,"showImageEffects":false,"showParticleSystems":false,"showVisualEffectGraphs":true,"m_FxEnabled":true},"in2DMode":false,"pivot":{"x":-0.568044126033783,"y":0.8225210905075073,"z":-0.2995889186859131},"rotation":{"x":0.003820488229393959,"y":0.9947231411933899,"z":0.09428214281797409,"w":-0.04030836001038551},"size":0.8660253882408142,"orthographic":false}